rat_name,genotype,target,alpha
LP1,KO,-1.568048190413943,0.006325439268391626
GP4,WT,-1.4182068506900074,0.006701480977868876
